AA1,Aac,Aca
AA2,Aac,Aca
AA3,Aac,Aca
AA4,Aac,Aca
AI1,Iac,Ica
AI2,Iac,Ica
AI3,Iac,Ica
AI4,Iac,Ica
AE1,Eac,Eca
AE2,Eac,Eca
AE3,Eac,Eca
AE4,Eac,Eca
AO1,Oac,Oca
AO2,Oac,Oca
AO3,Oac,Oca
AO4,Oac,Oca
IA1,Iac,Ica
IA2,Iac,Ica
IA3,Iac,Ica
IA4,Iac,Ica
II1,Iac,Ica
II2,Iac,Ica
II3,Iac,Ica
II4,Iac,Ica
IE1,Eac,Eca,Iac,Ica
IE2,Eac,Eca,Iac,Ica
IE3,Eac,Eca,Iac,Ica
IE4,Eac,Eca,Iac,Ica
IO1,Oac,Oca,Iac,Ica
IO2,Oac,Oca,Iac,Ica
IO3,Oac,Oca,Iac,Ica
IO4,Oac,Oca,Iac,Ica
EA1,Eac,Eca
EA2,Eac,Eca
EA3,Eac,Eca
EA4,Eac,Eca
EI1,Eac,Eca,Iac,Ica
EI2,Eac,Eca,Iac,Ica
EI3,Eac,Eca,Iac,Ica
EI4,Eac,Eca,Iac,Ica
EE1,Eac,Eca
EE2,Eac,Eca
EE3,Eac,Eca
EE4,Eac,Eca
EO1,Eac,Eca,Oac,Oca
EO2,Eac,Eca,Oac,Oca
EO3,Eac,Eca,Oac,Oca
EO4,Eac,Eca,Oac,Oca
OA1,Oac,Oca
OA2,Oac,Oca
OA3,Oac,Oca
OA4,Oac,Oca
OI1,Oac,Oca,Iac,Ica
OI2,Oac,Oca,Iac,Ica
OI3,Oac,Oca,Iac,Ica
OI4,Oac,Oca,Iac,Ica
OE1,Eac,Eca,Oac,Oca
OE2,Eac,Eca,Oac,Oca
OE3,Eac,Eca,Oac,Oca
OE4,Eac,Eca,Oac,Oca
OO1,Oac,Oca
OO2,Oac,Oca
OO3,Oac,Oca
OO4,Oac,Oca
