AA1,Aac,Aca,Iac,Ica
AA2,Aac,Aca,Iac,Ica
AA3,Aac,Aca,Iac,Ica
AA4,Aac,Aca,Iac,Ica
AI1,Iac,Ica,Oac,Oca
AI2,Iac,Ica,Oac,Oca
AI3,Iac,Ica,Oac,Oca
AI4,Iac,Ica,Oac,Oca
AE1,Eac,Eca,Oac,Oca
AE2,Eac,Eca,Oac,Oca
AE3,Eac,Eca,Oac,Oca
AE4,Eac,Eca,Oac,Oca
AO1,Oac,Oca,Iac,Ica
AO2,Oac,Oca,Iac,Ica
AO3,Oac,Oca,Iac,Ica
AO4,Oac,Oca,Iac,Ica
IA1,Iac,Ica,Oac,Oca
IA2,Iac,Ica,Oac,Oca
IA3,Iac,Ica,Oac,Oca
IA4,Iac,Ica,Oac,Oca
II1,Iac,Ica,Oac,Oca
II2,Iac,Ica,Oac,Oca
II3,Iac,Ica,Oac,Oca
II4,Iac,Ica,Oac,Oca
IE1,Eac,Eca,Oac,Oca
IE2,Eac,Eca,Oac,Oca
IE3,Eac,Eca,Oac,Oca
IE4,Eac,Eca,Oac,Oca
IO1,Oac,Oca,Iac,Ica
IO2,Oac,Oca,Iac,Ica
IO3,Oac,Oca,Iac,Ica
IO4,Oac,Oca,Iac,Ica
EA1,Eac,Eca,Oac,Oca
EA2,Eac,Eca,Oac,Oca
EA3,Eac,Eca,Oac,Oca
EA4,Eac,Eca,Oac,Oca
EI1,Eac,Eca,Oac,Oca
EI2,Eac,Eca,Oac,Oca
EI3,Eac,Eca,Oac,Oca
EI4,Eac,Eca,Oac,Oca
EE1,Eac,Eca,Oac,Oca
EE2,Eac,Eca,Oac,Oca
EE3,Eac,Eca,Oac,Oca
EE4,Eac,Eca,Oac,Oca
EO1,Oac,Oca,Iac,Ica
EO2,Oac,Oca,Iac,Ica
EO3,Oac,Oca,Iac,Ica
EO4,Oac,Oca,Iac,Ica
OA1,Oac,Oca,Iac,Ica
OA2,Oac,Oca,Iac,Ica
OA3,Oac,Oca,Iac,Ica
OA4,Oac,Oca,Iac,Ica
OI1,Oac,Oca,Iac,Ica
OI2,Oac,Oca,Iac,Ica
OI3,Oac,Oca,Iac,Ica
OI4,Oac,Oca,Iac,Ica
OE1,Oac,Oca,Iac,Ica
OE2,Oac,Oca,Iac,Ica
OE3,Oac,Oca,Iac,Ica
OE4,Oac,Oca,Iac,Ica
OO1,Oac,Oca,Iac,Ica
OO2,Oac,Oca,Iac,Ica
OO3,Oac,Oca,Iac,Ica
OO4,Oac,Oca,Iac,Ica
